url,page_type,primary_keyword,secondary_1,secondary_2,secondary_3
/,home,car rental Dehradun,bike rental in Dehradun,scooty on rent in Dehradun,vehicle rental Dehradun
/car-rental-dehradun,category,car rental in Dehradun,car rental Dehradun,rent a car in Dehradun,car hire Dehradun
/self-drive-car-rental-dehradun,category,self drive car rental Dehradun,self drive car hire Dehradun,without driver car Dehradun,self drive SUV rental Dehradun
/chauffeur-driven-car-rental-dehradun,category,car rental with driver Dehradun,chauffeur driven car Dehradun,outstation car rental Dehradun,driver car hire Dehradun
/bike-rental-dehradun,category,bike rental in Dehradun,bike on rent Dehradun,bullet rental Dehradun,self drive bike Dehradun
/scooty-on-rent-dehradun,category,scooty on rent in Dehradun,Activa rental Dehradun,scooty rental near railway station Dehradun,bike rental near me Dehradun
/tempo-traveller-rental-dehradun,category,tempo traveller rental Dehradun,12 seater tempo traveller Dehradun,tempo traveller Char Dham,group van rental Dehradun
/three-wheeler-auto-rental-dehradun,category,auto rickshaw rental Dehradun,3 wheeler on rent Dehradun,e-rickshaw rental Dehradun,
/chota-hathi-mini-truck-rental-dehradun,category,chota hathi on rent Dehradun,mini truck rental Dehradun,goods carrier rental Dehradun,Tata Ace rental Dehradun
/luxury-car-rental-dehradun,category,luxury car rental Dehradun,Mercedes on rent Dehradun,BMW rental Dehradun,
/suv-rental-dehradun,category,self drive SUV rental Dehradun,SUV on rent Dehradun,Innova rental Dehradun,Thar rental Dehradun
/wedding-car-rental-dehradun,category,wedding car rental Dehradun,decorated car Dehradun,bridal car Mussoorie,
/car-rental-dehradun-to-mussoorie,route,car rental Dehradun to Mussoorie,self drive Mussoorie,Dehradun Mussoorie taxi,
/bike-rental-dehradun-to-mussoorie,route,bike rental Dehradun to Mussoorie,bullet Mussoorie,bike ride Mussoorie from Dehradun,
/car-rental-dehradun-to-rishikesh,route,car rental Dehradun to Rishikesh,Dehradun Rishikesh taxi,self drive Rishikesh,
/bike-rental-dehradun-to-rishikesh,route,bike rental Dehradun to Rishikesh,bike ride Rishikesh from Dehradun,,
/car-rental-dehradun-to-haridwar,route,car rental Dehradun to Haridwar,Haridwar taxi from Dehradun,chauffeur driven car Haridwar,
/self-drive-car-chardham-yatra,route,self drive Char Dham,SUV Char Dham from Dehradun,self drive car Char Dham yatra,
/car-rental-char-dham-yatra,route,Char Dham taxi from Dehradun,Char Dham car rental Dehradun,Innova Char Dham,
/tempo-traveller-char-dham-yatra,route,Char Dham Tempo Traveller,12 seater Char Dham,tempo traveller for Kedarnath,
/car-rental-dehradun-to-nainital,route,car rental Dehradun to Nainital,Dehradun Nainital taxi,self drive Nainital,
/car-rental-dehradun-to-auli,route,car rental Dehradun to Auli,Auli taxi from Dehradun,SUV Auli,
/car-rental-dehradun-to-chakrata,route,car rental Dehradun to Chakrata,Chakrata taxi,Thar Chakrata,
/car-rental-dehradun-to-dhanaulti,route,car rental Dehradun to Dhanaulti,Dhanaulti taxi,Dehradun Dhanaulti self drive,
/car-rental-dehradun-sahastradhara,route,Sahastradhara taxi Dehradun,scooty Sahastradhara,Dehradun local sightseeing car,
/car-rental-dehradun-robbers-cave,route,Robber's Cave taxi Dehradun,Guchhupani car rental,Dehradun sightseeing scooty,
/car-rental-near-dehradun-railway-station,route,car rental near Dehradun railway station,scooty rental near railway station Dehradun,Dehradun station taxi,
/bike-rental-near-isbt-dehradun,route,bike rental near ISBT Dehradun,scooty ISBT Dehradun,two wheeler near bus stand,
/car-rental-near-isbt-dehradun,route,car rental near ISBT Dehradun,taxi near ISBT Dehradun,vehicle rental near ISBT Dehradun,
/jolly-grant-airport-car-rental,route,Jolly Grant airport car rental,Dehradun airport taxi,airport pickup Dehradun,
/car-rental-near-clock-tower-dehradun,route,car rental near Clock Tower Dehradun,Paltan Bazaar bike rental,Dehradun city car hire,
/scooty-rental-near-railway-station-dehradun,route,scooty rental near railway station Dehradun,Activa railway station Dehradun,scooty on rent Dehradun station,
/self-drive-car-rental-mussoorie,route,self drive Mussoorie,Mussoorie self drive car,car hire Mussoorie from Dehradun,
/suv-rental-dehradun-to-mussoorie,route,SUV rental Dehradun to Mussoorie,Creta Mussoorie,self drive SUV Mussoorie,
/car-rental-yamunotri,route,taxi Dehradun to Yamunotri,Yamunotri taxi booking,Yamunotri car rental,
/car-rental-gangotri,route,taxi Dehradun to Gangotri,Gangotri taxi booking,Gangotri car rental,
/car-rental-kedarnath,route,car rental Dehradun to Kedarnath,Kedarnath taxi from Dehradun,Bolero Kedarnath,
/car-rental-badrinath,route,car rental Dehradun to Badrinath,Badrinath taxi from Dehradun,Badrinath cab booking,
/weekly-car-rental-dehradun,route,weekly rental Dehradun,weekly self drive Dehradun,7 day car hire Dehradun,
/monthly-car-rental-dehradun,route,monthly rental Dehradun,monthly self drive Dehradun,long term car hire Dehradun,
/blog/car-rental-in-dehradun-complete-guide,guide,car rental in Dehradun guide,rent a car in Dehradun,car hire Dehradun,
/blog/self-drive-car-rental-documents-deposit-rules,guide,documents required for self drive car rental,security deposit self drive car Dehradun,self drive rental Dehradun,
/blog/bike-vs-scooty-dehradun-mussoorie,guide,bike vs scooty Dehradun,Activa vs Bullet Dehradun,scooty for Mussoorie,
/blog/tempo-traveller-seating-guide-dehradun,guide,12 seater vs 17 seater tempo traveller,tempo traveller seating Dehradun,tempo traveller Char Dham,
/blog/uttarakhand-road-trip-vehicle-guide,guide,best car for Uttarakhand road trip,SUV for Mussoorie,Innova Char Dham,
/blog/weekly-monthly-car-rental-dehradun-guide,guide,monthly car rental Dehradun,weekly car rental Dehradun,long term car rental Dehradun,
/blog/dehradun-railway-station-pickup-guide,guide,Dehradun railway station car rental pickup,scooty near Dehradun railway station,taxi Dehradun station,
/blog/things-to-check-before-rental-car-dehradun,guide,rental car checklist Dehradun,before renting a car Dehradun,,
